Problem,Difficulty,Duration,Status
Two Sum,Easy,15 mins,Completed
Valid Parentheses,Easy,20 mins,
Merge Two Sorted Lists,Easy,20 mins,
Best Time to Buy and Sell Stock,Easy,20 mins,
Valid Palindrome,Easy,15 mins,
Invert Binary Tree,Easy,15 mins,
Valid Anagram,Easy,15 mins,
Binary Search,Easy,15 mins,
Flood Fill,Easy,20 mins,
Lowest Common Ancestor of a Binary Search Tree,Easy,20 mins,
Balanced Binary Tree,Easy,15 mins,
Linked List Cycle,Easy,20 mins,
Implement Queue using Stacks,Easy,20 mins,
First Bad Version,Easy,20 mins,
Ransom Note,Easy,15 mins,
Climbing Stairs,Easy,20 mins,
Longest Palindrome,Easy,20 mins,
Reverse Linked List,Easy,20 mins,
Majority Element,Easy,20 mins,
Add Binary,Easy,15 mins,
Diameter of Binary Tree,Easy,30 mins,
Middle of the Linked List,Easy,20 mins,
Maximum Depth of Binary Tree,Easy,15 mins,
Contains Duplicate,Easy,15 mins,
Meeting Rooms,Easy,20 mins,
Roman to Integer,Easy,20 mins,
Backspace String Compare,Easy,15 mins,
Maximum Subarray,Medium,20 mins,
Insert Interval,Medium,25 mins,
01 Matrix,Medium,30 mins,
K Closest Points to Origin,Medium,30 mins,
